{"coefficients": [-6.488972565793099, -28.472500046090545, 9.895646948659206, 3.9588737675069865, 793.5161634226025, 193.0023536098941, 0.8968819332407953, -0.7020641875439324, -0.25231244578989376, -0.11706737799294764, 0.07588326607900342], "intercept": 69.3610216062292}